drug,degree
0 9 sodium chloride,1573
sodium chloride 0 9 flush,1546
acetaminophen,1440
insulin,1383
potassium chloride,1379
5 dextrose,1343
magnesium sulfate,1341
heparin,1338
iso-osmotic dextrose,1304
furosemide,1279
vancomycin,1271
senna,1251
docusate sodium,1203
dextrose 50,1193
calcium gluconate,1188
metoprolol tartrate,1167
glucagon,1142
lorazepam,1139
ondansetron,1136
hydromorphone dilaudid,1104
bisacodyl,1093
pantoprazole,1088
lactated ringers,1066
aspirin,1041
sw,1036
heparin flush ml,1036
propofol,1032
fentanyl citrate,1030
glucose gel,1028
sodium chloride 0 9,1026
famotidine,1025
oxycodone immediate release,1022
sterile water,971
chlorhexidine gluconate 0 12 rinse,965
iso-osmotic sodium chloride,963
polyethylene glycol,956
albuterol 0 083 neb,952
morphine sulfate,946
0 9 sodium chloride mini plus,944
atorvastatin,931
cefepime,929
d5w,928
heparin sodium,902
norepinephrine,895
hydralazine,890
neutra-phos,885
phenylephrine,882
omeprazole,877
ns,874
levothyroxine sodium,874
albuterol inhaler,845
gabapentin,845
warfarin,837
ceftriaxone,836
piperacillin-tazobactam,828
prednisone,828
influenza vaccine quadrivalent,825
dextrose 5,819
folic acid,811
midazolam,810
insulin human regular,803
multivitamins,795
sodium bicarbonate,792
d5 1 2ns,791
lactulose,790
albumin 5,782
nitroglycerin,780
levetiracetam,780
ipratropium bromide neb,777
vitamin d,771
diphenhydramine,770
trazodone,770
potassium chloride replacement critical care and oncology,769
thiamine,768
cefazolin,766
amlodipine,762
calcium carbonate,759
potassium phosphate,748
metoclopramide,746
ranitidine,746
lisinopril,741
amiodarone,739
docusate sodium liquid,738
lidocaine 5,737
phytonadione,734
simvastatin,724
azithromycin,722
ipratropium-albuterol neb,717
meropenem,713
lidocaine 1 for picc midline insertions,711
methylprednisolone sodium succ,707
labetalol,704
dexamethasone,701
quetiapine fumarate,697
haloperidol,696
albumin 25,689
influenza virus vaccine,685
aspirin ec,679
milk of magnesia,678
clopidogrel,676
sodium phosphate,676
dexmedetomidine,669
lidocaine 1,667
allopurinol,664
levofloxacin,662
hydrocortisone na succ,660
lidocaine jelly 2 glydo,654
metoprolol succinate xl,647
prochlorperazine,646
guaifenesin,644
metronidazole flagyl,640
phosphorus,628
ipratropium bromide mdi,625
lansoprazole disintegrating,622
simethicone,621
tamsulosin,620
potassium chloride powder,618
ferrous sulfate,617
vasopressin,614
ramelteon,614
magnesium oxide,613
tacrolimus,612
metronidazole,612
artificial tears,611
diltiazem,609
fluconazole,608
pneumococcal vac polyvalent,608
acyclovir,607
nystatin,602
fluticasone propionate,589
alteplase catheter clearance,588
ciprofloxacin hcl,585
clonazepam,582
tiotropium bromide,577
carvedilol,576
pneumococcal 23-valent polysaccharide vaccine,575
multivitamins w minerals,573
ciprofloxacin,572
sertraline,570
ketorolac,568
citalopram,567
lidocaine jelly 2 urojet,567
fluticasone propionate nasal,565
diazepam,560
mirtazapine,559
sarna lotion,559
heparin dwell ml,556
midodrine,555
neomycin-polymyxin-bacitracin,553
acetylcysteine 20,551
cyanocobalamin,547
sevelamer carbonate,544
olanzapine,544
potassium chl d5 1 2 ns,544
latanoprost 0 005 ophth,543
miconazole powder 2,542
glycopyrrolate,542
acetaminophen liquid,540
tramadol ultram,540
sodium citrate 4,539
ascorbic acid,538
enoxaparin sodium,538
pravastatin,537
ceftazidime,537
0 45 sodium chloride,536
lr,533
digoxin,532
nicardipine,532
nicotine,531
epinephrine,530
rosuvastatin calcium,529
aluminum-magnesium hydrox -simethicone,527
fluticasone-salmeterol diskus 250 50,527
olanzapine disintegrating,523
mupirocin 2,516
artificial tear,514
mycophenolate mofetil,510
sodium chloride nasal,509
prismasate b32 k2,509
benzonatate,507
oxycodone-acetaminophen,507
clonidine,505
fluoxetine,500
nephrocaps,500
tramadol,499
losartan potassium,498
oxycodone liquid,495
torsemide,494
finasteride,492
hydromorphone,492
methadone,491
loperamide,489
ibuprofen,488
linezolid,483
insulin regular for hyperkalemia,481
sucralfate,481
zolpidem tartrate,481
isosorbide mononitrate,480
sodium polystyrene sulfonate,479
spironolactone,479
readi-cat 2 barium sulfate 2,479
sulfameth trimethoprim ss,476
venlafaxine,476
doxycycline hyclate,475
duloxetine,474
ampicillin-sulbactam,474
pregabalin,471
5 dextrose excel,466
atenolol,465
sulfameth trimethoprim ds,464
sodium chloride,464
0 83 sodium chloride,464
hydroxyzine,463
citrate dextrose 3 acd-a crrt,462
d5ns,460
rifaximin,460
alprazolam,460
clindamycin,459
cisatracurium besylate,458
hydrochlorothiazide,457
metolazone,455
baclofen,455
sodium chloride 3 hypertonic,455
apixaban,454
captopril,454
pantoprazole sodium,454
d10w,453
oxycodone oxycontin,451
1 2 ns,451
octreotide acetate,450
meperidine,447
ns mini plus,445
calcitriol,442
heparin crrt machine priming,438
chlorothiazide sodium,436
prismasate b22 k4,436
daptomycin,435
desmopressin acetate,433
fentanyl,431
isosorbide dinitrate,431
bupropion sustained release,428
mouth care rinse,424
montelukast,419
scopolamine,417
ursodiol,416
epoetin alfa,415
escitalopram oxalate,413
dopamine,410
artificial tears preserv free,408
cyclobenzaprine,407
potassium chl ns,407
micafungin,406
paroxetine,406
fexofenadine,406
enoxaparin prophylaxis,404
milrinone,404
d5lr,403
lamotrigine,399
influenza vaccine high-dose quadrivalent,397
phenytoin sodium,395
acetaminophen-caff-butalbital,393
albuterol-ipratropium,392
neostigmine,392
diltiazem extended-release,390
morphine sulfate ir,389
ampicillin sodium,388
amitriptyline,387
valganciclovir,387
dextrose 10 in water d10w,386
dobutamine,382
brimonidine tartrate 0 15 ophth,382
metformin glucophage,382
fluticasone-salmeterol diskus 500 50,380
rocuronium,380
atovaquone,380
sodium chloride 3 inhalation,379
oxymetazoline,378
chloraseptic throat spray,378
ondansetron odt,376
insulin glargine cvicu protocol,376
oxycodone-acetaminophen -,374
artificial tears gel 1,374
tobramycin sulfate,373
esmolol,373
valsartan,371
guaifenesin-dextromethorphan,371
buspirone,370
dorzolamide 2 timolol 0 5 ophth,368
colchicine,367
atropine sulfate,367
bupropion,367
naloxone,365
morphine ms contin,361
multivitamin,361
calcium acetate,359
calcium chloride,359
creon 12,357
loratadine,356
zinc sulfate,356
cepacol sore throat lozenge,356
ezetimibe,356
prednisolone acetate 1 ophth,355
bumetanide,355
timolol maleate 0 5,354
verapamil,354
oseltamivir,353
fludrocortisone acetate,352
sodium chloride 0 9 flush for crrt,349
oxybutynin,349
calcium gluconate sliding scale critical care-ionized calcium,349
cetirizine,348
maalox diphenhydramine lidocaine,347
phenobarbital,345
risperidone,345
erythromycin 0 5 ophth oint,345
lacosamide,344
mannitol 20,343
lactulose enema,342
bupivacaine 0 1,342
succinylcholine,338
aripiprazole,337
promethazine,337
triamcinolone acetonide 0 1,336
budesonide,331
doxazosin,330
ropinirole,330
fish oil omega 3,329
0 9 sodium chloride excel,328
phenobarbital alcohol withdrawal dose taper days 2-7,328
piperacillin-tazobactam na,327
sulfameth trimethoprim,327
potassium chloride replacement oncology,325
montelukast sodium,325
cosyntropin,324
phenytoin,323
valproate sodium,322
clotrimazole,322
guaifenesin-codeine phosphate,321
citalopram hydrobromide,321
lidocaine viscous 2,320
valproic acid,318
nortriptyline,318
fluticasone-salmeterol diskus 100 50,317
nifedipine cr,316
mupirocin nasal 2,313
ketamine,312
topiramate topamax,310
donepezil,309
nadolol,309
fleet enema,308
alteplase,308
epoprostenol veletri,306
cyclosporine neoral modified,305
gastroview diatrizoate meglumine sodium,304
carbidopa-levodopa 25-100,302
tizanidine,302
doxercalciferol,302
levalbuterol neb,301
aztreonam,300
lidocaine,300
cepacol menthol,300
gentamicin sulfate,298
hydroxychloroquine sulfate,298
miconazole 2,298
gammagard liquid,297
clobetasol propionate 0 05,296
pyridoxine,296
acetazolamide sodium,296
hydrocortisone,295
methylnaltrexone,294
fosphenytoin,294
terazosin,293
dicyclomine,293
voriconazole,293
amoxicillin-clavulanic acid,293
cephalexin,293
etomidate,292
phenytoin sodium extended,291
0 9 nacl excel viaflo,290
divalproex delayed release,288
nitroprusside sodium,288
propranolol,288
lamivudine,287
clonidine 24 hr,286
nafcillin,283
yellow cadd cassette,283
ticagrelor,282
moviprep,282
gentamicin,281
vitamin d3 cholecalciferol,281
protamine sulfate,279
phenobarbital - icu alcohol withdrawal initial load rescue dose,278
magnesium citrate,274
dronabinol,274
potassium chl d5ns,274
pramipexole,274
ns 0 9 nacl,273
emtricitabine-tenofovir truvada,272
ranitidine liquid,271
fenofibrate,271
oxcarbazepine,271
epoetin alfa-epbx retacrit,269
glipizide,267
heparin hemodialysis,265
lidocaine 2,264
sulfamethoxazole-trimethoprim,261
vitamin b complex,260
diphenoxylate-atropine,259
crrt,259
racepinephrine,257
acetylcysteine,257
nimodipine,255
ambisome,252
multivitamins w minerals chewable,252
cinacalcet,252
filgrastim,251
ferric gluconate,251
ritonavir,249
rivaroxaban,247
mesalamine,247
methocarbamol,247
carbamazepine,247
erythromycin,246
meclizine,243
argatroban,243
gemfibrozil,243
caphosol,242
collagenase,240
hyoscyamine,240
clevidipine,239
hydroxyurea,239
codeine sulfate,239
phenytoin infatab,238
divalproex,238
nitroglycerin 2,238
heparin iabp,238
iohexol 240 omnipaque 240,238
sodium glycerophosphate,237
tuberculin protein,237
diazepam - ciwa protocol,237
raltegravir,237
aquaphor,236
aluminum hydroxide,236
methimazole,236
cepastat phenol lozenge,235
sodium chloride 0 9 mini plus,234
sildenafil,233
cholestyramine,232
ciprofloxacin 0 3 ophth,231
aerogen sw,231
albuterol mdi,231
enalapril maleate,231
ns irrigation bottle,230
hydrocerin,230
potassium citrate,228
vitamin e,228
inv-thiamine,228
bacitracin,228
acetazolamide,227
tenofovir disoproxil viread,226
azathioprine,225
isotonic sodium chloride,225
memantine,225
hydrocortisone 1,224
nifedipine,224
epinephrine epipen,223
golytely,223
dorzolamide 2 ophth,222
entecavir,222
chlorthalidone,220
fleet enema mineral oil,220
fleet enema saline,219
sotalol,218
hydrocodone-acetaminophen -,218
dolutegravir,218
salmeterol xinafoate diskus,217
bottle,217
ferrous gluconate,217
lidocaine jelly 2,216
sirolimus,216
methylphenidate ritalin,215
vecuronium bromide,215
psyllium powder,214
eptifibatide,214
enoxaparin treatment,211
hydrocodone-acetaminophen,211
methylprednisolone na suc,211
pancrelipase 5000,211
anti-thymocyte globulin rabbit,210
adenosine,210
darunavir,209
tranexamic acid,209
xopenex neb,208
lidocaine 1 epinephrine 1 100 000,208
ferrous sulfate liquid,207
sevelamer hydrochloride,206
lanthanum,205
amp,205
phenazopyridine,204
pantoprazole granules for,203
neostigmine cvicu reversal protocol,203
zonisamide,203
benztropine mesylate,203
lidocaine 1 epinephrine 1 100000,203
calcium replacement oncology,202
prazosin,202
glycopyrrolate cvicu reversal protocol,201
click change --- to choose a base,201
glyburide,201
dexamethasone sod phosphate,200
cefpodoxime proxetil,200
tolterodine,200
hydrocortisone rectal 2 5,199
psyllium wafer,198
ganciclovir,197
bupropion xl once daily,196
calcitonin salmon,196
amoxicillin,195
dextrose 20 in water d20w,195
glipizide xl,194
dapsone,194
vitamin b complex w c,192
chemo,192
doxepin hcl,191
23 4 sodium chloride,191
atropine sulfate ophth 1,190
chlorpromazine,190
efavirenz,190
amantadine,190
d5w excel,189
epidural,189
primidone,189
epinephrine 1 1000,188
silver sulfadiazine 1,187
paricalcitol,187
testosterone,186
valacyclovir,186
naproxen,184
buprenorphine-naloxone -,183
imipenem-cilastatin,183
aerogen ns,182
heparin impella,182
mycophenolate sodium,182
filgrastim-sndz,181
fosaprepitant,181
sumatriptan succinate,180
bivalirudin,179
niacin,178
potassium chl d5w,178
nitrofurantoin monohyd macrobid,177
ketoconazole 2,176
hydromorphone-hp,176
acetaminophen w codeine,176
lithium carbonate,175
oxazepam,174
docusate,174
megestrol acetate,174
esomeprazole sodium,174
divalproex sod sprinkles,173
alendronate sodium,173
lidocaine 0 5,173
mineral oil,173
methylprednisolone,171
lidocaine 0 5 epinephrine,170
amino acids 5 -dextrose 15,170
fondaparinux,170
abacavir sulfate,169
triamcinolone acetonide 0 025,168
rifampin,168
psyllium,168
hydrocortisone 2 5,168
aminocaproic acid,167
timolol maleate 0 25,167
mexiletine,167
modafinil,166
remdesivir,164
prasugrel,164
multivitamins w minerals liquid,163
vitamin a,162
alteplase clearance ie temp tlcl,162
ns intrapleural,160
phoxillum b22 k4,160
methylene blue,160
emtricitabine,160
theophylline,160
sulfasalazine,159
dextrose 5 glass bottle,159
rituximab,159
miconazole nitrate vag 2,158
hydromorphone p f,158
carbamide peroxide 6 5,156
multiple vitamins liq,155
nicotine lozenge,155
emtricitabine-tenofovir alafen - descovy,155
mucinex,155
pentoxifylline,154
minoxidil,154
anastrozole,153
pyridostigmine bromide,153
fluticasone-salmeterol 250 50,152
posaconazole delayed release,151
dabigatran etexilate,151
sodium acetate,151
nicotine polacrilex,150
posaconazole,150
ipratropium-albuterol inhalation spray,150
insulin reg human novolin r,150
ropivacaine 0 2,149
glycerin supps,149
transplant self medication program,149
capsaicin 0 025,148
clobazam,148
kcentra,148
leucovorin calcium,148
cyclophosphamide,148
quinapril,148
blue cadd cassette,147
ranolazine,146
ethacrynic acid,146
oxycodone--acetaminophen -,145
buprenorphine-naloxone film -,145
thyroid,144
niacinamide,144
cyclosporine sandimmune,141
betamethasone dipro 0 05,141
tb,141
nitrofurantoin macrodantin,141
flecainide acetate,141
insulin regular human u-500,140
potassium chl d5lr,140
clozapine,139
glimepiride,138
sacubitril-valsartan -,138
bictegrav-emtricit-tenofov ala,137
quetiapine extended-release,137
coq10,136
febuxostat,136
pamidronate,135
etravirine,135
propranolol la,134
tigecycline,134
indomethacin,134
pentobarbital sodium,134
insulin pump self administering medication,133
ivermectin,133
thrombin,132
fluocinonide 0 05,132
inv-acetaminophen,129
lumigan,129
fondaparinux sodium,128
entacapone,127
lubiprostone,127
trace elements,126
rasburicase,126
angiotensin ii,126
estrogens conjugated,126
norepinephrine bitartrate,126
perphenazine,125
dornase alfa,125
imipramine,125
etoposide,125
minocycline,124
brimonidine tartrate 0 2 ophth,123
maalox lidocaine,123
amikacin,123
amphetamine-dextroamphetamine,122
bengay,122
xopenex,122
liothyronine sodium,121
ascorbic acid liquid,120
ramipril,120
temazepam,120
carbidopa-levodopa 25-100 odt,120
ethacrynate sodium,120
eplerenone,119
beclomethasone dipropionate,118
sodium thiosulfate,118
amino acids 4 25 -dextrose 5,118
tucks hemorrhoidal oint 1,118
isoniazid,118
benzocaine 20 spray,118
norepinephrine in ns,117
atazanavir,117
desmopressin nasal,117
ziprasidone hydrochloride,116
morphine sulfate concentrated,116
hepatitis b immu glob hepagam b,116
enalaprilat,115
basiliximab,115
diclofenac topical gel 1,115
levetiracetam - stat dose,114
triamterene-hctz 37 5 25,114
morphine sulfate ml,114
gelclair,113
albuterol,113
dakins 1 4 strength,113
lamivudine-zidovudine combivir,113
irbesartan,113
sodium zirconium cyclosilicate,112
carbidopa-levodopa 25-250,112
dextromethorphan-guaifenesin sugar free,112
lidocaine-prilocaine,112
methylprednisolone sod succ,112
ketamine for intubation,112
haemophilus b conj vaccine,112
lopinavir-ritonavir,111
ceftaroline,111
bethanechol,111
iohexol 240,111
fluvoxamine maleate,111
dexamethasone ophthalmic 0 1,109
amino acids 4 25 w dextrose 5,109
qvar,109
tetanus-diphtox-acellular pertuss adacel,109
flucytosine,109
methotrexate,109
adenosine liver flush,108
plasma-lyte a ph 7 4,108
colistin,108
meningococcal conj vaccine menactra,108
cilostazol,108
lovastatin,108
desipramine,107
fomepizole,107
dofetilide,107
symbicort,107
betamethasone dipro 0 05 oint,106
azopt,106
dextromethorphan polistirex,106
fentanyl pca,106
metoprolol,106
clarithromycin,106
lactic acid 12 lotion,106
restasis,106
inv-ascorbic acid,105
propafenone hcl,105
penicillin g potassium,105
desonide 0 05,104
dexamethasone sod phos,104
tricor,104
oseltamivir phosphate,104
carbamazepine extended-release,103
glutamine,103
methadone concentrated,102
morphine,102
heparin flush cvl ml,102
inv-hydrocortisone,101
diclofenac sodium,101
d5w glass bottle,100
felodipine,100
cyclosporine,100
lidocaine 1 p f,99
morphine sulfate concentrated ml,99
albuterol 0 5,99
0 9 sodium chl yellow cadd,98
epoprostenol,98
tetanus-diphtox-acellular pertuss tdap,98
lantus,97
opium tincture,97
lorazepam syr,97
namenda,97
doxorubicin,97
bismuth subsalicylate chewable,97
triamterene-hydrochlorothiazide,96
ofloxacin,96
bismuth subsalicylate,96
dipyridamole-aspirin,96
norepinephri,96
5 syringes ns,96
vigamox,95
carbidopa-levodopa cr 25-100,95
cytarabine,95
opium tincture morphine ml,95
plasmalyte,95
flumazenil,94
carboplatin,93
clomipramine,93
prenatal vitamins,93
rasagiline,93
pyrimethamine,92
nexium,92
pioglitazone,92
tamoxifen citrate,92
mirapex,91
leflunomide,91
quinine sulfate,91
gentamicin 0 1,91
promethazine hcl,89
phenobarbital - icu alcohol withdrawal loading dose 1,89
magnesium sulfate replacement oncology,88
tirofiban,88
dicloxacillin,88
vitamin d2 ergocalciferol,88
sodium bicarbonate 8 4,88
clindamycin 1,88
phenobarbital - icu alcohol withdrawal loading dose 2 and 3,88
enoxaparin,88
lidocaine 2 p f,87
magnesium sulfate latex free,87
phenazopyridine hcl,86
hepatitis b vaccine,86
nystatin-triamcinolone,86
methylene blue 1,86
tolvaptan,86
levocarnitine,85
azelastine,84
nefazodone,84
ethanol 70 catheter dwell,83
propoxyphene nap -apap n-100,83
aspirin desensitization urticaria angioedema,83
oxycodone concentrated,82
chlorothiazide,82
liothyronine,82
pentamidine-inhalation,82
nasonex,81
tobramycin inhalation,81
lithium carbonate cr eskalith,81
vincristine oncovin,81
isoproterenol,81
bicitra,81
witch hazel 50 pad,80
brinzolamide,80
treprostinil sodium,80
sterile diluent for flolan,80
tobramycin - dosing by pharmacy,80
dextromethorphan poly complex,79
prednisolone acetate 0 12 ophth,79
ampicillin,79
fluorometholone 0 1 ophth,79
tobramycin-dexamethasone ophth,79
tocilizumab,78
ketorolac 0 5 ophth,78
aspirin buffered,78
iron polysaccharides complex,78
orabase w benzocaine paste,77
fenofibrate nanocrystallized,77
celecoxib,77
dronedarone,77
methazolamide,77
albumin,77
vasopressin for dilution,77
cangrelor,77
ranexa,77
silver nitrate applicator,76
exemestane,76
ferric citrate,76
benicar,76
gentamicin - dosing by pharmacy,76
isosorbide,75
tobramycin-dexamethasone ophth oint,75
sevelamer,75
cyclosporine 0 05 ophth emulsion,75
fosfomycin tromethamine,75
magnesium sulfate replacement critical care and oncology,75
factor 7a recombinant,75
calcipotriene 0 005,75
dextran 40 10 in ns,75
neomycin sulfate,74
bacitracin ophthalmic oint,74
ertapenem sodium,74
pneumococcal 13-valent conjugate vaccine,74
cinacalcet hcl,74
pletal,73
penicillin v potassium,73
mesna,73
heparin flush crrt ml,73
lamictal,73
multi,72
cromolyn sodium nasal inhalation,72
aspirin-caffeine-butalbital,72
travoprost,72
risperidone disintegrating,71
inv-dexmedetomidine,71
hydrocortisone 0 5,71
chlordiazepoxide hcl,71
pilocarpine 2,71
intraperitoneal,71
fat emulsion 20 intralipid,71
mechlorethamine,71
isavuconazonium sulfate,70
dipyridamole,70
bupivacaine 0 5,70
tobramycin 0 3 ophth,70
phenylephrine quva,70
tuberculin ppd,70
caspofungin,70
skelaxin,70
bimatoprost,70
nevirapine,70
zidovudine,70
acetylcysteine inhaled - for interventional pulmonary use only,69
trace elements tralement,69
atropine sulfate 1,69
neomycin polymyxin b sulfate,69
emla,68
oxytocin,68
pilocarpine 1,68
inv-bupivacaine 0 25,68
phentolamine mesylate,68
brivaracetam,68
ethambutol hcl,68
tenofovir alafenamide,68
fat emulsion 20,67
alprostadil,67
carbidopa-levodopa cr 50-200,67
docusat,67
ceftolozane-tazobactam,67
0 9 sodium chloride p f,67
fenofibrate micronized,67
betaxolol ophth 0 25,67
triazolam,67
mannitol,67
coenzyme q10,67
methylene blue 0 5,67
nesiritide,66
lithium carbonate lithobid,66
methylphenidate,66
travatan z,66
cisplatin,66
eltrombopag,66
amino acids 4 25 -dextrose 10,66
raloxifene,66
cefepime graded challenge,65
sodium fluoride 1 1 dental gel,65
chlorpheniramine-hydrocodone,65
bromocriptine mesylate,64
hespan,64
evista,64
naloxone hcl,64
paliperidone,64
bacitracin polymyxin b sulfate opht oint,64
creon 10,63
furosemide-heart failure,63
erythromycin ethylsuccinate,63
amoxicillin-clavulanate,63
dakins 1 2 strength,63
atropine sulfa syr,63
empagliflozin,63
sildenafil citrate,63
potassium bicarbonate eff,62
fluorouracil,62
gentamicin 0 3 ophth,62
multivitami,61
lidocaine 4,61
amiodarone f,61
vasopressin for,61
albuterol sulfate,60
combigan,60
cyclopentolate 1,60
fidaxomicin,60
belladonna opium 16 2,60
sodium bicarb,60
colesevelam,60
0 75 sodium chloride,60
lacosamide - stat dose,60
epoprostenol nf,60
lidocaine 2 epi 1 100 000,60
droperidol,60
ketoconazole shampoo,60
sugammadex,59
procainamide,59
fludarabine phosphate,59
aspirin desensitization angioedema,59
aminocaproic acid 25 rinse,59
adderall,59
naphazoline-pheniramine ophth,58
anoro ellipta,58
prednisolone,58
phyton,58
cimetidine,58
phenylephrine for,58
estradiol,57
tromethamine,57
talc sterile,57
heparin via anti-xa monitoring,57
pilocarpine 4,57
hydromorphone d syr,57
calcium gluconate premix,57
olmesartan,57
epidural infusion in ns,57
bortezomib,56
peridex,56
ceftazidime-avibactam avycaz,56
volumen barium sulfate 0 1,56
epinephrine for dilution,55
insulin glargine,55
dextrose 50 in water d50w,55
foscarnet sodium,55
misoprostol,55
medroxyprogesterone acetate,55
proair hfa,55
paclitaxel taxol,54
sulfadiazine,54
phenylephrine 0 5 nasal spray,54
pseudoephedrine,54
inv-remdesivir,54
moxifloxacin,54
trandolapril,54
rifabutin,54
inv-deferoxamine,54
galantamine,54
gamunex gammaked 10,54
fluocinolone acetonide 0 025,54
sodium bicarbonat syr,54
mercaptopurine,53
vitamin d3,53
asenapine,53
hemorrhoidal suppository,53
chlordiazepoxide,53
morphine sulfat,53
calcium chloride bristojet,53
bisoprolol fumarate,53
polymyxin b -trimethoprim ophth,53
moexipril,53
magnesium sulfate ob,53
bosentan,53
desitin,53
abacavir,52
niaspan,52
imatinib,52
triamterene,52
dantrolene sodium,52
inv-sarilumab,52
heparin crrt,52
azilect,52
azathioprine sodium,51
terbutaline sulfate,51
zioptan pf,51
rufinamide,51
letrozole,51
benzocaine-menthol sore throat lozenge,50
heparin flush port ml,50
simbrinza,50
intraventricular,50
trihexyphenidyl hcl,50
advair diskus,50
nitroglycerin 0 2,50
mupirocin,50
iron dextran complex,50
tetracaine 0 5 ophth,50
activated charcoal-sorbitol,49
donnatol,49
thiothixene,49
dextroamphetamine,49
aprepitant,49
methylergonovine maleate,49
clear eyes itchy eye relief,48
dextrose,48
betamethasone valerate 0 1,48
hepatitis a vaccine,48
tetracycline hcl,48
suvorexant,48
clobetasol propionate 0 05 gel,48
phenylephrine for dilution,48
lithium,48
norethindrone-estradiol,48
tropicamide 1,48
acebutolol hcl,48
latanoprost,47
combivent respimat,47
metronidazole topical 1 gel,47
pyrazinamide,47
papain 2 5,47
amphotericin b,47
methotrexate sodium,47
trifluoperazine hcl,47
click change to choose a base,46
romiplostim,46
pangestyme-ec,46
mesalamine enema,46
fluocinolone acetonide 0 01,46
viokase-8,46
anakinra,46
genvoya,46
l-carnitine,45
nabumetone,45
naltrexone,45
calcium,45
valganciclovi,45
inv-evicel fibrin sealant human,45
tobramycin fortified ophth,45
dextran 40 10 in d5w,45
betamethasone dipro 0 05 lot,45
phenylephrin ns,45
rilpivirine,45
antithrombin 3 human,45
nf rasburicase,45
travoprost benzalkonium,44
trimethoprim,44
selenium sulfide,44
albuterol inhaler inh,44
sodium chloride 23 4 kit,44
pindolol,44
amaryl,44
provigil,44
tetanus-diphtheria tox decavac,44
esmolol 0 9 nacl,44
acarbose,44
niaspan extended-release,44
covid-19 vaccine per pharmacy,43
bisacodyl rectal,43
morphine infusion comfort care guidelines,43
calcium chlori 1gm syr,43
acetylcysteine inhaled for interventional pulmonary use only,43
epinephrine for dil,43
zoledronic acid,43
inv-coq10,43
hydroxocobalamin,43
benazepril,43
zaditor,43
stavudine,43
pulmicort,42
magnesium sulf 2gm,42
hepatitis b vaccine ml,42
ceftriaxone graded challenge,42
copper chloride,42
proctozone-hc,42
esomeprazole magnesium,42
pitavastatin calcium,42
betamethasone na phos acet,42
methotrexate sodium p f,42
docusa,42
miconazole nitrate combo pack,42
incruse ellipta,41
clotrimazole 1 vaginal,41
bicalutamide,41
polymyxin b sulfate,41
indapamide,41
riboflavin vitamin b-2,41
selegiline hcl,41
fentanyl amp,41
perampanel,41
miralax,41
nf ertapenem sodium,41
carteolol 1 ophth,41
daunorubicin,41
meropenem graded challenge,41
tranylcypromine sulfate,40
propylthiouracil,40
andexxa,40
aldesleukin,40
divalproex sodium,40
fluphenazine,40
benzona,40
aspirin desensitization aerd,40
doripenem nf,40
arimidex,40
terbinafine hcl,40
dermoplast spray,40
aliskiren,40
carbidopa-levodopa 25-250 odt,40
vinorelbine navelbine,39
pilocarpine hcl,39
phenylephrine premix,39
atomoxetine,39
budesonide nasal inhaler,39
sodium tetradecyl sulfate 3,39
nifedipine immediate release,39
inhalation,39
prednisolone acetate,39
maraviroc,39
nevanac,39
sodium fluoride dental gel,39
bupivacaine 0 05,39
iron dextran test dose,39
trametinib,38
alteplase flush volume dialysis pheresis catheters,38
mesalamine rectal,38
prismasol bgk2 0,38
levalbuterol hcl,38
stribild,38
insu,38
keppra,38
peripheral nerve infusion,38
dulera,38
cabergoline,38
sorafenib,37
ruxolitinib,37
roflumilast,37
belladonna-opium,37
albumin human,37
hemabate,37
edurant,37
leuprolide acetate,37
ns epidural 0 9 nacl,37
nysta,37
neomycin-polymyxin-dexameth ophth oint,37
potassium c ivpb,37
oxaliplatin,36
quinidine gluconate e r,36
avodart,36
gentamicin intraventricular,36
neomycin-polymyxin-gramicidin,36
ifosfamide,36
enfuvirtide,36
covid-19 vaccine pfizer,36
insulin regular,36
potassium iodide,35
ns epidural,35
phenaseptic throat spray,35
cortrosyn,35
hydrocortisone acetate suppository,35
glucose,35
abciximab,35
nebivolol,35
profilnine sd,35
codeine phosphate,35
naloxone nasal spray,35
repaglinide,35
dibucaine,35
cortroysn,35
budesonide nasal,35
tretinoin,35
album,34
verapamil hcl,34
rilutek,34
hyaluronidase,34
fentanyl citrate pf,34
hydrocortisone enema,34
phenylephrine 2 5 ophth,34
tresiba flextouch u-100,34
docetaxel taxotere,34
busulfan,34
neomycin-polymyxin-hc otic,34
insulin aspart nf,34
levalbuterol tartrate,34
nystat,33
gemcitabine,33
berinert,33
bromfenac,33
betamethasone sodium phos acet,33
hydrocortisone oint 1,33
tetracycline,33
carisoprodol,32
milrinone lactate,32
norepinephrine for dilution,32
salsalate,32
pancrelipase 4500,32
dantrolene,32
doxil,32
bimatoprost 0 01,32
aubagio,32
inv-convalescent plasma,32
miconazole,32
januvia,32
potassium chloride pkt,32
sodium bic,32
prismasol b32 k0,32
simvastin,31
vinblastine velban,31
cytotec,31
pca,31
mupirocin calcium,31
lidocaine 1 p f amp,31
heparin flush picc ml,31
hydrocortisone oint 2 5,31
selzentry,31
primaquine phosphate,31
morphine sulfate syr,31
tretinoin 0 025,31
fluorescein strip,31
sodium,31
morphine intrathecal,31
clopidogrel bisulfate,31
cromolyn,30
moxifloxacin 0 5 ophth nf,30
spiriva respimat,30
paroxetine hcl,30
aricept,30
d5 1 4ns,30
acyclovir 5,30
mupi,30
fluticasone-salmeterol 100 50,30
coq10 liquid,30
xopenex hfa,30
idarubicin,30
guaifenesin-dextromethorphan sugar free,30
nafcillin desensitization,30
iloprost,29
dehydrated alcohol,29
emtricitabine tenofovir disoproxil truvada,29
zymar,29
pirfenidone,29
acular,29
lidoc,29
comtan,29
rizatriptan,29
inv-nimodipine,29
bisop,29
phenobarbital icu alcohol withdrawal dose taper for clinician use,29
savella,29
paroxetine mesylate,29
smoflipid 20 emulsion,29
anidulafungin,29
methylprednisolone na succ,29
dexamethason,29
patanol,29
felbamate,29
benzoyl peroxide gel 10,29
becaplermin gel 0 01,29
terbinafine 1,29
brimonidine,29
zz,28
isordil,28
cyproheptadine,28
soma,28
valganc,28
synthroid,28
mycophenolate mofe,28
docus,28
phenobarbital-icu alcohol withdrawal loading dose 1 im for clinician use,28
clonidine hcl,28
deferoxamine mesylate,28
sulfa,28
lumigan 0 01,28
acamprosate,28
albendazole,28
eye wash,28
claritin,28
nitroglyce btl,28
prolensa,28
humalog,28
bisopr,28
pentamidine isethionate,28
amiloride hcl,28
digoxin immune fab,28
hydromorphone pca,27
albuter,27
ipratropium-albuterol ne inh,27
trifluridine 1 ophth,27
linzess,27
exelon,27
0 9 nacl,27
peramivir,27
ropivacaine 0 5,27
povidone iodine,27
decitabine,27
stalevo 150,27
formoterol,27
itraconazole,26
morphine sulfate for inhalation,26
0 54 sodium chloride,26
piroxicam,26
latuda,26
pirfenidone esbriet,26
uptravi selexipag,26
baricitinib eua,26
humalog kwikpen,26
darifenacin,26
metipranolol,26
epidiolex,26
excedrin tension headache,26
asp,26
celebrex,26
phenobarbital - icu alcohol withdrawal loading dose 2 and 3 for pharmacy use only,26
hepatitis b vaccine engerix-b ml,26
xalatan,26
glatiramer,25
ponatinib,25
mometasone-formoterol,25
desmopressin acetate 0 01 nasal spray,25
cefazolin desensitization,25
lidocaine bristojet,25
zyflo,25
coq10 caps,25
dextran 40 10,25
requip xl,25
covid-19 vaccine moderna,25
triamcinolone acetonide,25
multivit,25
urelle,25
charcoal aqueous activated,25
lotemax,24
meningococcal conj vaccine menactra menveo,24
vitamin d 3,24
omnipred,24
carbidopa-levodopa 10-100,24
gammagard s d,24
cidofovir,24
inv,24
glycopyrrolat,24
bupropio,24
chloramphenicol na succ nf,24
mesal,24
levobunolol 0 25,24
penicillin g benzathine,24
carafate,24
alvimopan,24
risperdal,24
sodium bica,23
enoxapari,23
nf erlotinib,23
ciprodex,23
tecfidera,23
bacitracin-polymyxin,23
cadd cassette,23
imiquimod,23
pristiq,23
amitiza,23
lokelma,23
artificial,23
ofloxacin 0 3,23
copaxone,23
ilevro nepafenac 0 3,23
durezol 0 05 difluprednate,23
acetaminophen rectal,23
trelegy ellipta,23
januvia sitagliptin,23
lumigan 0 03 ophth nf,22
melphalan,22
glyburide prestab,22
sodium polystyrene,22
acetic acid 2 otic,22
medium chain triglycerides,22
probenecid,22
pazeo,22
hepatitis b immun globulin hepagam b,22
loxapine succinate,22
questran,22
inv-bortezomib,22
ceftriaxone desensitization,22
testosterone cypionate,22
inv-ruxolitinib,22
dapagliflozin,22
oxycodone,22
dimenhydrinate,22
humulin-r insulin u-500,22
novolog,22
plan b,22
sulfameth trimethopr,22
nalbuphine hcl,22
urea,21
dilantin extended,21
atgam,21
norgestimate-ethinyl estradiol,21
sodium chlor,21
valganciclov,21
zinc oxide,21
crizotinib,21
sofosbuvir,21
levemir flexpen,21
cabozantinib,21
carbidopa-levodopa-entacapone,21
intrathecal,21
silibinin,21
sodium bicarbonate 4 2,21
acetazolamide s r,21
iodine strong lugols,21
cefepime desensitization,21
fleet phospho-soda,21
sodium bicar,21
multiv,21
creatine monohydrate,20
rivastigmine,20
durezol,20
disopyramide cr,20
astelin,20
ecallantide,20
theratears gel 1,20
nf micafungin,20
advair hfa,20
thioridazine hcl,20
vincristine,20
indinavir sulfate,20
femara,20
lidocaine 2 epinephrine p f,20
sodium chloride 3 hy,20
testosterone gel 1,20
meningococcal group b vaccine trumenba,20
vitiamin d 3,20
meperidine syr,20
nelfinavir mesylate,20
tretin,20
pancreaze,19
gleevec,19
tretinoin atra all-transretinoic acid,19
everolimus,19
dorzolamide-timolol 22 3- ml,19
tiagabine,19
brimonidine 0 2,19
hydrocortisone na succinate,19
ledipasvir sofosbuvir,19
mometasone,19
methyldopa,19
proparacaine hcl 0 5 opth,19
rabies vaccine,19
nf warfarin,19
dextrose 30 in water d30w,19
dexamethaso,19
lansoprazole,19
baricitinib,19
umeclidinium-vilanterol,19
netarsudil 0 02,19
potassium,19
furosemide in 0 9 sodium chloride,19
neomycin-polymyxin-bacitracin ophth oint,19
secretin,19
perforomist fometerol fumarate,19
cytomegalovirus immune glob,19
abacavir-lamivudine,18
avapro,18
inv-alteplase,18
vitamind3,18
albumi,18
androgel,18
arsenic trioxide,18
docusate sodiu,18
nifedical xl,18
sodium citrate,18
dulera mometasone-formoterol,18
biotene dry mouth rinse,18
idarucizumab,18
xanax,18
hydrochloric acid,18
metronidazole gel 0 75 -vaginal,18
aspir,18
metoprolol succinate,18
systane pf,18
danazol,18
breo ellipta inhaler,18
potassium acetate,18
clofarabine,18
macitentan,18
gamunex gammaked,17
cefdinir,17
hydrocortisone acetate 10 foam,17
rotigotine,17
mucin,17
viokase 8,17
rhopressa,17
teriflunomide,17
nefazodone hcl,17
rhopressa 0 02,17
deferoxamine dfo,17
bupivacaine 0 25,17
riluzole,17
hyoscyamine so4 time release,17
tirosint,17
tretinoin atra-all transretinoic acid,17
mitoxantrone,17
sorbitol,17
chloral hydrate,17
peginterferon alfa-2a,17
hizentra,17
demeclocycline,17
tolcapone,17
disopyramide phosphate,17
levobunolol 0 5,17
lamotrigine rectal,17
adcirca,17
veltassa,17
betamethasone dipro 0 05 augmented gel,17
tetanus-diphtheria tox tenivac,17
bactrim desensitization,16
vitamin cocktail,16
insulin lispro desensitization protocol,16
lidocaine-epinephrine pf,16
acetaminophen liquid cup,16
ns excel,16
novolog flexpen u-100 insulin,16
dutasteride,16
anastr,16
pulmozyme,16
ziprasidone mesylate,16
pulmicort flexhaler,16
streptomycin sulfate,16
ibup,16
aminocaproic,16
chlorpheniramine maleate,16
cocaine 4,16
abacavir-dolutegravir-lamivud triumeq,16
clonidine 7-day 24 hr,16
dilti,16
oxycodone immediate rel,16
levonorgestrel-ethinyl estrad,16
combigan brimonidine-timolol,16
prevacid,16
bisoprolol,16
defibrotide,16
sudafed,16
micardis,16
aspirin rectal,16
epi,16
terbinafine,16
capt,16
neutr,15
vemlidy,15
etanercept,15
atropine sulfate bristojet,15
phenylephrine hcl,15
calcium citrate,15
carbatrol,15
vivelle-dot,15
risperidone long acting,15
liothyronine bulk t3,15
dexam,15
ephedrin,15
rosiglitazone maleate,15
viaflex,15
hydrocortisone acetate 1,15
anagrelide,15
ns glass bottle,15
losartan,15
d25w,15
forteo,15
ephedrine sulfate pressors,15
dexamet,15
mycophenolate mofetil self med,15
atripla,15
penicillamine,15
debrox 6 5,15
disulfiram,15
procarbazine hcl,15
sodium chloride 0 9 inhaled,14
octreotide,14
lidocaine p f,14
denosumab xgeva,14
5 dextrose non dehp,14
tes,14
trizivir,14
suboxone,14
lidocaine 1 5 epinephrine p f,14
ticlopidine hcl,14
crrt-pharmacy to dose medications,14
voltaren,14
estraderm,14
lurasidone,14
androgel 1 testosterone,14
humalog insulin,14
linaclotide,14
ipratropium bromide neb 1neb,14
benzon,14
levoxyl,14
tenecteplase,14
zanamivir,14
ceftazidime graded challenge,14
lidocaine jelly 2 glyd syr,13
bactrim,13
de,13
ketoconazole,13
ampicillin desensitization,13
desmopressin acetate 0 01 rhinal tube,13
dorzolamide,13
brentuximab vedotin,13
trastuzumab,13
estradiol day,13
econazole,13
lumigan 0 01 ophth nf,13
ivabradine,13
olopatadine,13
ceftazidime-avibactam nf,13
lumigan 0 01 ophth,13
clorazepate dipotassium,13
proglycem,13
inv-go-203-2c,13
osimertinib,13
olopatadine 0 7,13
filgrastim neupogen,13
hydroxychloroquine,13
hizentra immune globulin 20,12
nf estraderm,12
penicillin g k desensitization,12
biofreeze menthol 4,12
dihydroergotamine mesylate,12
pd,12
megace,12
lenalidomide,12
levonorgestrel,12
tretinoin 0 05,12
symbicort -,12
carbamazepine chewable tabs,12
dex,12
lacosamide nf,12
valgancicl,12
aluminum hydrox-magnesium carb,12
insulin lispro,12
buprop,12
rabies immune globulin,12
rivastigmine tartrate,12
diltiaz,12
anamorelin hcl,12
lantus solo star pen,11
interferon alfacon-1,11
balsalazide,11
protein c concentrate human,11
intrapleural,11
isosorbide mononitr,11
invirase,11
dacarbazine,11
measles mumps rubella vac,11
inv enoxaparin,11
atovaquone-proguanil -,11
cefadroxil,11
loraze,11
enzalutamide,11
mult,11
nac,11
ashlyna,11
jakafi ruxolitinib,11
tacrolimus self med,11
pegaspargase,11
vimpat,11
victoza 3-pak,11
gamunex,11
cholestyramine-aspartame,11
alfuzosin,11
amphotericin b deoxycholate,11
potass,11
novolin r,11
acebutolol,11
irinotecan,10
capmatinib,10
invokana,10
bendamustine,10
daclatasvir,10
caffeine-sodium benzoate,10
nepafenac,10
orphenadrine citrate,10
budesonide-formoterol,10
menomune,10
syprine,10
acitretin,10
meropenem desensitization,10
phenoxybenzamine hcl,10
anusol-hc,10
augmentin,10
pantopr,10
travatan,10
biofreeze menthol,10
tropicamide 0 5 ophth,10
multivitamin with minerals,10
tresiba flextouch u-200,10
domperidone,10
cefuroxime axetil,9
myfortic,9
sulfam,9
bismuth,9
dalfampridine,9
myrbetriq,9
prevalite,9
focalin dexmethylphenidate,9
mitomycin,9
budesonide puff,9
rytary carbidopa-levodopa,9
meloxicam,9
0 82 sodium chloride,9
praziquantel,9
sucralfate enema,9
firvanq,9
drotrecogin alfa xigris,9
pralatrexate,9
morphi,9
albuterol 0 083 neb 1neb,9
nf deferasirox,9
apriso,9
abiraterone,9
prenatal,9
donnatal,9
axitinib,9
lantus u-100 insulin,9
5 dextrose non deph,9
idecabtagene vicleucel,9
hydroxyzine hcl,9
levothyroxine,9
inv-lenalidomide,9
rytary,9
brimonidine-timolol,8
zeasorb miconazole,8
glyco,8
albu,8
mul,8
racepinephrine neb,8
tetracaine hcl,8
pentostatin,8
arginine l-arginine,8
artificial tears petro min,8
timolol maleate,8
muro 128,8
morph,8
fish oil concentrate,8
gattex one-,8
culturelle,8
slow fe,8
pomalyst pomalidomide,8
panitumumab,8
sincalide,8
tac,8
byetta,8
novolin,8
epinephr,8
tenofovir alafenamide fumarate,8
nevanac nepafenac,8
micardis hct,8
temodar,8
phenelzine sulfate,8
daunorubicin hcl,8
amphetamine salt combo,8
valium,8
apri,8
rocaltrol,8
ethanol ethyl alcohol,7
preservision areds-2,7
droxidopa,7
creatine,7
rabeprazole,7
nf cromolyn sodium,7
lialda,7
lidocaine 0 5 mpf,7
ornithine phenylacetate,7
nf pegaspargase,7
symbicort budesonide -formoterol,7
zytiga,7
flurbiprofen 0 03,7
inlyta axitinib,7
triamterene-hydrochlorothiazide 37 5 25,7
bupivacaine 0 2,7
humalog kwikpen insulin,7
phos,7
carbidopa,7
covid-19 vaccine,7
insulin aspart,7
imipenem-cilastatin-relebactam nf,7
cepacol,7
benzoyl peroxide,7
homatropine hbr,7
phenytoi,7
risedronate,7
alum potassium,7
ibutilide fumarate,7
tradjenta,7
flovent diskus,7
orthopedic,7
heparin flush,7
calcitri,7
verapa,7
ampyra,7
acetic acid 0 25 irrig,7
lidocai,7
humulin n,7
niacin flush free,7
zaditor ketotifen,7
sotrovimab eua,7
sodium bi,7
pomalidomide,6
ibu,6
thrombin bovine,6
isosorbide mono,6
vasotec,6
trihexyphenidyl,6
morphin,6
prevnar 13 pf,6
bismuth subsalicy,6
nf temozolomide,6
asmanex hfa,6
polio vaccine,6
mycostatin,6
inv-enoxaparin,6
calcium citrate vit d,6
asmanex twisthaler,6
nf moxifloxacin,6
inv-cabozantinib cabozantinib,6
lumigan 0 01 opth sol,6
actonel,6
buprenorphine,6
ceftolozane-tazobactam nf,6
povidone,6
trospium,6
1 4 ns,6
junel fe 1 20 28,6
remeron soltab,6
oxymet,6
dakins,6
symbicort inhaler,6
neupogen,6
nf bicalutamide,6
clonidine tts 3,6
scopolamine base,6
pneumococcal 20-valent conjugate vaccine,6
ondansetr,6
tra,6
cyanocob,6
sunitinib,6
covid-19 vaccine 1st dose by pharmacy,6
preparation h,6
biotene moisturizing mouth,6
dexameth,6
botox,6
brexpiprazole,6
ipratropium,6
amiloride,6
gelfoam sponge,6
potas,5
enablex,5
hydromorphone infusion comfort care guidelines,5
necon 1 35 28,5
alka-seltzer original,5
fenofibric acid,5
jardiance,5
probiotic colon care,5
unisom doxylamine,5
phyto,5
famciclovir,5
diazoxide,5
thyroid extract,5
morphine sulfa,5
bevacizumab avastin,5
benzo,5
ferumoxytol,5
ibrutinib,5
tessalon,5
latanoprostene bunod vyzulta,5
olan,5
aranesp in polysorbate,5
afrin,5
venlafaxi,5
morphine bupivacaine clonidine intrathecal,5
povidone iodine 1 4 strength,5
junel 1 20 21,5
kaletra,5
heparin porcine,5
uroxatral,5
rituximab-abbs truxima,5
afrin oxymetazoline,5
gabapentin liquid,5
mobic,5
lotensin,5
azithro,5
sterile water for irrigation,5
imatinib mesylate,5
spiriva with handihaler,4
hydrocortisone oint 0 5,4
bimatoprost lumigan 0 01,4
anas,4
vemurafenib,4
vilazodone,4
zyprexa zydis,4
pfns,4
nubeqa,4
levemir,4
methylprednisolone acetate,4
loteprednol etabonate,4
ambrisentan,4
dabigatran etexilate pradaxa,4
hydromorphone intrathecal,4
jakafi,4
ganciclovir 0 15 ophth gel,4
zolmitriptan,4
aminocapro,4
cocaine hcl,4
livalo,4
sanctura,4
olanz,4
niaci,4
tacr,4
infliximab,4
temozolomide,4
kaopectate bismuth subsalicy,4
cetuximab,4
zip,4
robitussin cough-chest cong dm,4
preservision lutein,4
biotene oralbalance enzymes,4
sutent,4
pemetrexed,4
qvar redihaler,4
nac n-acetyl-l-cysteine,4
influenza a h1n1 vaccine,3
lodosyn,3
imodium,3
megestrol,3
bupropion hcl,3
felbatol,3
nf sorafenib,3
insulin human 70 30,3
cilos,3
chlorhexidine gluconate,3
gas-x,3
kytril,3
mafenide acetate,3
nateglinide,3
androgel 1 pump,3
rimegepant,3
alcohol dehydrated,3
topical metered-dose dev,3
erlotinib,3
rifapentine,3
isosorbid,3
glecaprevir-pibrentasvir,3
multivitamin without vit k,3
haloperidol decanoate,3
cefiderocol nf,3
estazolam,3
integra,3
nasogel,3
timoptic,3
insulin novolog,3
botulinum toxin type a,3
mycophenolate,3
belsomra,3
morphine sulfate pf,3
zoledronic acid zometa,3
xibrom,3
robit,3
isosorb,3
vortioxetine,3
ondansetron hcl,2
zantac,2
flomax,2
nirmatrelvir-ritonavir eua,2
prenatal dha,2
rexulti,2
sulfameth,2
omadacycline,2
tuck,2
epogen,2
iodoquinol-hc,2
psyllium husk,2
preparation h maximum strength,2
isosorbide dinitrate sa,2
systane gel,2
fulvestrant,2
emt,2
mepivacaine 1,2
pegfilgrastim,2
covid-19 vaccine janssen,2
xenazine,2
tresiba u-100 insulin,2
lotrimin af clotrimazole,2
arformoterol,2
lidocaine 4 w amitriptyline 2 paste,2
ocuvite,2
buprenorphine-naloxone,2
carbozantinib cabometyx,2
protopic,2
trintellix,2
cep,2
vesicare,2
exjade,2
esomeprazole,2
ayr saline gel gel nasal salino,2
norethindrone-e estradiol-iron,2
hydrocortisone val 0 2,2
symbicort 160-,2
leva,2
cabozantinib cabometyx,2
albuterol inhaler proair,2
ipratropium bromide hfa,2
verapam,2
daliresp,2
centrum silver,2
dasatinib,2
norethindrone contraceptive,2
culturelle women health balanc,2
florastor,2
0 9 sodium chloride viaflex,1
liotrix,1
varicella virus vaccine,1
inv-trv027,1
fat emulsion 10,1
phe,1
terconazole vag supp,1
fentora,1
degarelix,1
scopolamine hbr,1
humulin n kwikpen,1
aquapho,1
nf estradiol transdermal,1
concerta methylphenidate,1
trulicity,1
humira pen,1
guai,1
docosahexaenoic acid,1
caltrate with vitamin d3,1
fludrocortisone,1
feraheme,1
benzocaine-menth-benzethonium,1
tixagevimab eua,1
betaseron,1
tagrisso osimertinib,1
tabrecta capmatinib,1
cilgavimab eua,1
aromasin,1
nf ceftaroline,1
telavancin nf,1
lactobacillus acidophilus-pectin,1
zaditor ketotifen fumarate,1
eszopiclone,1
ertapenem,1
prenatal multivitamins,1
prenatal multi,1
interferon beta-1a,1
